num_individuals,num_neighbors,num_facts,starting_knowledge,investigation_probability,philosophy,truth_mean,truth_total,false_mean,false_total
10,8,100,15,0.1,skeptical,0.5619413919413919,79,0.4380586080586081,61
10,8,100,15,0.1,skeptical,0.8669230769230769,121,0.13307692307692306,19
10,8,100,15,0.1,skeptical,0.6852747252747252,95,0.31472527472527473,43
10,8,100,15,0.1,skeptical,0.7317216117216117,101,0.26827838827838824,37
10,8,100,15,0.1,skeptical,0.7023809523809523,98,0.29761904761904767,41
10,8,100,15,0.1,skeptical,0.536959706959707,77,0.463040293040293,65
10,8,100,15,0.1,skeptical,0.5476556776556777,78,0.4523443223443223,63
10,8,100,15,0.1,skeptical,0.4850549450549451,68,0.5149450549450549,73
